-- Insert cajas

INSERT INTO cajas VALUES ('101', 'Automatica');
INSERT INTO cajas VALUES ('102', 'SAT');
INSERT INTO cajas VALUES ('103', 'CVT');
INSERT INTO cajas VALUES ('104', 'DCT');
INSERT INTO cajas VALUES ('105', 'DSG');
INSERT INTO cajas VALUES ('106', 'Triptonica');

--Insert carroceria

INSERT INTO carroceria  VALUES ('Sedan', '201');
INSERT INTO carroceria  VALUES ('Hatchback', '202');
INSERT INTO carroceria  VALUES ('Suv', '203');
INSERT INTO carroceria  VALUES ('Crossover', '204');
INSERT INTO carroceria  VALUES ('Coupe', '205');
INSERT INTO carroceria  VALUES ('Pick-up', '206');
INSERT INTO carroceria  VALUES ('Roadster', '207');
INSERT INTO carroceria  VALUES ('Minivan', '208');

-- Insert clase

INSERT INTO clase VALUES ('300', 'Automovil');
INSERT INTO clase VALUES ('301', 'Camioneta');
INSERT INTO clase VALUES ('302', 'Deportivo');
INSERT INTO clase VALUES ('303', 'Motocicleta');

--Insert Compa単ias Soat 

INSERT INTO compa単ias_soat  VALUES ('7641486429', 'Axa Colpatria');
INSERT INTO compa単ias_soat  VALUES ('2641589357', 'Seguros Bolivar');
INSERT INTO compa単ias_soat  VALUES ('2368931092', 'Liberty Seguros');

--Insert departamento

INSERT INTO departamento VALUES ('10001', 'Antioquia');
INSERT INTO departamento VALUES ('10002', 'Caldas');
INSERT INTO departamento VALUES ('10003', 'Atlantico');
INSERT INTO departamento VALUES ('10004', 'Valle del Cauca');
INSERT INTO departamento VALUES ('10005', 'Huila');

--Insert marca 

INSERT INTO marca VALUES ('00001', 'Mazda');
INSERT INTO marca VALUES ('00002', 'Renault');
INSERT INTO marca VALUES ('00003', 'Chevrolet');

--Insert linea

INSERT INTO linea VALUES ('10000', '1 ALLEGRO 1AAN6M', '00001');
INSERT INTO linea VALUES ('10001', '121', '00001');
INSERT INTO linea VALUES ('10002', '121 LX MT', '00001');
INSERT INTO linea VALUES ('10003', '1ALN3M', '00001');
INSERT INTO linea VALUES ('10004', '2', '00001');
INSERT INTO linea VALUES ('10005', '2 (LINEA BASE ESTANDAR)', '00001');
INSERT INTO linea VALUES ('10006', '2 1.5 AT TOURING', '00001');
INSERT INTO linea VALUES ('10007', '2 15HA1C 5P AT', '00001');


INSERT INTO linea VALUES ('10008', 'CLIO PERSONNALITE', '00002');
INSERT INTO linea VALUES ('10009', 'DAUPHINE', '00002');
INSERT INTO linea VALUES ('10010', 'ETOILE (LINEA BASE ESTANDAR)', '00002');


INSERT INTO linea VALUES ('10011', 'BLAZER RS AC 3,6 5P AWD TA G', '00003');
INSERT INTO linea VALUES ('10012', 'C-10', '00003');
INSERT INTO linea VALUES ('10013', 'C-1500', '00003');
INSERT INTO linea VALUES ('10014', 'CAPTIVA', '00003');

--Insert municipios

INSERT INTO municipios VALUES ('00001', 'Medellin', '10001');
INSERT INTO municipios VALUES ('00002', 'Envigado', '10001');
INSERT INTO municipios VALUES ('00003', 'Manizales', '10002');
INSERT INTO municipios VALUES ('00004', 'Marmato', '10002');
INSERT INTO municipios VALUES ('00005', 'Barranquilla', '10003');
INSERT INTO municipios VALUES ('00006', 'Sabanalarga', '10003');
INSERT INTO municipios VALUES ('00007', 'Cali', '10004');
INSERT INTO municipios VALUES ('00008', 'Tulua', '10004');
INSERT INTO municipios VALUES ('00009', 'Neiva', '10005');
INSERT INTO municipios VALUES ('00010', 'Garzon', '10005');

--Insert traccion

INSERT INTO traccion VALUES ('001', 'AWD');
INSERT INTO traccion VALUES ('002', '4WD');
INSERT INTO traccion VALUES ('003', 'RWD');
INSERT INTO traccion VALUES ('004', 'FWD');
INSERT INTO traccion VALUES ('005', '4X4');

--Insert tabla de avaluos

INSERT INTO tabla_avaluos VALUES ('00001', '300', 2015, 1600, 15680000, '10000');
INSERT INTO tabla_avaluos VALUES ('00002', '300', 2015, 1600, 6710000, '10001');
INSERT INTO tabla_avaluos VALUES ('00003', '300', 2015, 1300, 16660000, '10002');
INSERT INTO tabla_avaluos VALUES ('00004', '300', 2015, 1300, 15100000, '10003');
INSERT INTO tabla_avaluos VALUES ('00005', '300', 2015, 1498, 21950000, '10004');
INSERT INTO tabla_avaluos VALUES ('00006', '300', 2015, 1500, 6340000, '10005');
INSERT INTO tabla_avaluos VALUES ('00007', '300', 2015, 1494, 27420000, '10006');
INSERT INTO tabla_avaluos VALUES ('00008', '300', 2015, 1498, 25790000, '10007');
INSERT INTO tabla_avaluos VALUES ('00009', '300', 2016, 1600, 16940000, '10000');
INSERT INTO tabla_avaluos VALUES ('00010', '300', 2016, 1600, 7250000, '10001');
INSERT INTO tabla_avaluos VALUES ('00011', '300', 2016, 1300, 17960000, '10002');
INSERT INTO tabla_avaluos VALUES ('00012', '300', 2016, 1300, 16040000, '10003');
INSERT INTO tabla_avaluos VALUES ('00013', '300', 2016, 1498, 23400000, '10004');
INSERT INTO tabla_avaluos VALUES ('00014', '300', 2016, 1500, 6890000, '10005');
INSERT INTO tabla_avaluos VALUES ('00015', '300', 2016, 1494, 29590000, '10006');
INSERT INTO tabla_avaluos VALUES ('00016', '300', 2016, 1498, 27890000, '10007');
INSERT INTO tabla_avaluos VALUES ('00017', '300', 2017, 1600, 18330000, '10000');
INSERT INTO tabla_avaluos VALUES ('00018', '300', 2017, 1600, 8030000, '10001');
INSERT INTO tabla_avaluos VALUES ('00019', '300', 2017, 1300, 19440000, '10002');
INSERT INTO tabla_avaluos VALUES ('00020', '300', 2017, 1300, 17450000, '10003');
INSERT INTO tabla_avaluos VALUES ('00021', '300', 2017, 1498, 24630000, '10004');
INSERT INTO tabla_avaluos VALUES ('00022', '300', 2017, 1500, 7620000, '10005');
INSERT INTO tabla_avaluos VALUES ('00023', '300', 2017, 1494, 31930000, '10006');
INSERT INTO tabla_avaluos VALUES ('00024', '300', 2017, 1498, 30150000, '10007');
INSERT INTO tabla_avaluos VALUES ('00025', '300', 2018, 1600, 19730000, '10000');
INSERT INTO tabla_avaluos VALUES ('00026', '300', 2018, 1600, 8290000, '10001');
INSERT INTO tabla_avaluos VALUES ('00027', '300', 2018, 1300, 21540000, '10002');
INSERT INTO tabla_avaluos VALUES ('00028', '300', 2018, 1300, 18740000, '10003');
INSERT INTO tabla_avaluos VALUES ('00029', '300', 2018, 1498, 26690000, '10004');
INSERT INTO tabla_avaluos VALUES ('00030', '300', 2018, 1500, 7880000, '10005');
INSERT INTO tabla_avaluos VALUES ('00031', '300', 2018, 1494, 34550000, '10006');
INSERT INTO tabla_avaluos VALUES ('00032', '300', 2018, 1498, 32500000, '10007');
INSERT INTO tabla_avaluos VALUES ('00033', '300', 2019, 1600, 21450000, '10000');
INSERT INTO tabla_avaluos VALUES ('00034', '300', 2019, 1600, 9010000, '10001');
INSERT INTO tabla_avaluos VALUES ('00035', '300', 2019, 1300, 23430000, '10002');
INSERT INTO tabla_avaluos VALUES ('00036', '300', 2019, 1300, 20370000, '10003');
INSERT INTO tabla_avaluos VALUES ('00037', '300', 2019, 1498, 29020000, '10004');
INSERT INTO tabla_avaluos VALUES ('00038', '300', 2019, 1500, 8570000, '10005');
INSERT INTO tabla_avaluos VALUES ('00039', '300', 2019, 1494, 37270000, '10006');
INSERT INTO tabla_avaluos VALUES ('00040', '300', 2019, 1498, 35320000, '10007');
INSERT INTO tabla_avaluos VALUES ('00041', '300', 2020, 1600, 23160000, '10000');
INSERT INTO tabla_avaluos VALUES ('00042', '300', 2020, 1600, 25020000, '10001');
INSERT INTO tabla_avaluos VALUES ('00043', '300', 2020, 1300, 34650000, '10002');
INSERT INTO tabla_avaluos VALUES ('00044', '300', 2020, 1300, 23970000, '10003');
INSERT INTO tabla_avaluos VALUES ('00045', '300', 2020, 1498, 31340000, '10004');
INSERT INTO tabla_avaluos VALUES ('00046', '300', 2020, 1500, 9240000, '10005');
INSERT INTO tabla_avaluos VALUES ('00047', '300', 2020, 1494, 40240000, '10006');
INSERT INTO tabla_avaluos VALUES ('00048', '300', 2020, 1498, 39290000, '10007');
INSERT INTO tabla_avaluos VALUES ('00049', '300', 2021, 1600, 25020000, '10000');
INSERT INTO tabla_avaluos VALUES ('00050', '300', 2021, 1600, 27010000, '10001');
INSERT INTO tabla_avaluos VALUES ('00051', '300', 2021, 1300, 38110000, '10002');
INSERT INTO tabla_avaluos VALUES ('00052', '300', 2021, 1300, 33670000, '10003');
INSERT INTO tabla_avaluos VALUES ('00053', '300', 2021, 1498, 33840000, '10004');
INSERT INTO tabla_avaluos VALUES ('00054', '300', 2021, 1500, 9980000, '10005');
INSERT INTO tabla_avaluos VALUES ('00055', '300', 2021, 1494, 43460000, '10006');
INSERT INTO tabla_avaluos VALUES ('00056', '300', 2021, 1498, 55200000, '10007');
INSERT INTO tabla_avaluos VALUES ('00057', '300', 2015, 1400, 8970000, '10008');
INSERT INTO tabla_avaluos VALUES ('00058', '300', 2015, 843, 6120000, '10009');
INSERT INTO tabla_avaluos VALUES ('00059', '300', 2015, 1600, 9680000, '10010');
INSERT INTO tabla_avaluos VALUES ('00060', '300', 2016, 1400, 9370000, '10008');
INSERT INTO tabla_avaluos VALUES ('00061', '300', 2016, 843, 6340000, '10009');
INSERT INTO tabla_avaluos VALUES ('00062', '300', 2016, 1600, 10160000, '10010');
INSERT INTO tabla_avaluos VALUES ('00063', '300', 2017, 1400, 10160000, '10008');
INSERT INTO tabla_avaluos VALUES ('00064', '300', 2017, 843, 6890000, '10009');
INSERT INTO tabla_avaluos VALUES ('00065', '300', 2017, 1600, 10940000, '10010');
INSERT INTO tabla_avaluos VALUES ('00066', '300', 2018, 1400, 12160000, '10008');
INSERT INTO tabla_avaluos VALUES ('00067', '300', 2018, 843, 7420000, '10009');
INSERT INTO tabla_avaluos VALUES ('00068', '300', 2018, 1600, 13150000, '10010');
INSERT INTO tabla_avaluos VALUES ('00069', '300', 2019, 1400, 13220000, '10008');
INSERT INTO tabla_avaluos VALUES ('00070', '300', 2019, 843, 8060000, '10009');
INSERT INTO tabla_avaluos VALUES ('00071', '300', 2019, 1600, 14300000, '10010');
INSERT INTO tabla_avaluos VALUES ('00072', '300', 2020, 1400, 14280000, '10008');
INSERT INTO tabla_avaluos VALUES ('00073', '300', 2020, 843, 8710000, '10009');
INSERT INTO tabla_avaluos VALUES ('00074', '300', 2020, 1600, 15440000, '10010');
INSERT INTO tabla_avaluos VALUES ('00075', '300', 2021, 1400, 15420000, '10008');
INSERT INTO tabla_avaluos VALUES ('00076', '300', 2021, 843, 9410000, '10009');
INSERT INTO tabla_avaluos VALUES ('00077', '300', 2021, 1600, 16670000, '10010');
INSERT INTO tabla_avaluos VALUES ('00078', '301', 2015, 3649, 72710000, '10011');
INSERT INTO tabla_avaluos VALUES ('00079', '301', 2015, 3100, 8310000, '10012');
INSERT INTO tabla_avaluos VALUES ('00080', '301', 2015, 5700, 15560000, '10013');
INSERT INTO tabla_avaluos VALUES ('00081', '301', 2015, 1500, 45860000, '10014');
INSERT INTO tabla_avaluos VALUES ('00082', '301', 2016, 3649, 78570000, '10011');
INSERT INTO tabla_avaluos VALUES ('00083', '301', 2016, 3100, 8820000, '10012');
INSERT INTO tabla_avaluos VALUES ('00084', '301', 2016, 5700, 16770000, '10013');
INSERT INTO tabla_avaluos VALUES ('00085', '301', 2016, 1500, 50400000, '10014');
INSERT INTO tabla_avaluos VALUES ('00086', '301', 2017, 3649, 84800000, '10011');
INSERT INTO tabla_avaluos VALUES ('00087', '301', 2017, 3100, 9630000, '10012');
INSERT INTO tabla_avaluos VALUES ('00088', '301', 2017, 5700, 18150000, '10013');
INSERT INTO tabla_avaluos VALUES ('00089', '301', 2017, 1500, 55390000, '10014');
INSERT INTO tabla_avaluos VALUES ('00090', '301', 2018, 3649, 91660000, '10011');
INSERT INTO tabla_avaluos VALUES ('00091', '301', 2018, 3100, 10370000, '10012');
INSERT INTO tabla_avaluos VALUES ('00092', '301', 2018, 5700, 19590000, '10013');
INSERT INTO tabla_avaluos VALUES ('00093', '301', 2018, 1500, 60870000, '10014');
INSERT INTO tabla_avaluos VALUES ('00094', '301', 2019, 3649, 98960000, '10011');
INSERT INTO tabla_avaluos VALUES ('00095', '301', 2019, 3100, 11190000, '10012');
INSERT INTO tabla_avaluos VALUES ('00096', '301', 2019, 5700, 21130000, '10013');
INSERT INTO tabla_avaluos VALUES ('00097', '301', 2019, 1500, 67640000, '10014');
INSERT INTO tabla_avaluos VALUES ('00098', '301', 2020, 3649, 106860000, '10011');
INSERT INTO tabla_avaluos VALUES ('00099', '301', 2020, 3100, 12090000, '10012');
INSERT INTO tabla_avaluos VALUES ('00100', '301', 2020, 5700, 22810000, '10013');
INSERT INTO tabla_avaluos VALUES ('00101', '301', 2020, 1500, 73050000, '10014');
INSERT INTO tabla_avaluos VALUES ('00102', '301', 2020, 3649, 106860000, '10011');
INSERT INTO tabla_avaluos VALUES ('00103', '301', 2020, 3100, 12090000, '10012');
INSERT INTO tabla_avaluos VALUES ('00104', '301', 2020, 5700, 22810000, '10013');
INSERT INTO tabla_avaluos VALUES ('00105', '301', 2020, 1500, 73050000, '10014');
INSERT INTO tabla_avaluos VALUES ('00106', '301', 2021, 3649, 115400000, '10011');
INSERT INTO tabla_avaluos VALUES ('00107', '301', 2021, 3100, 13060000, '10012');
INSERT INTO tabla_avaluos VALUES ('00108', '301', 2021, 5700, 24640000, '10013');
INSERT INTO tabla_avaluos VALUES ('00109', '301', 2021, 1500, 87500000, '10014');

--Insert Vehiculos

INSERT INTO vehiculo VALUES ('CDO342', '300', '201', 'SAA', 4, 180, 'F', 'F', '7641486429', 'F', '9340215782', '20/12/2022', '101', '001', 2016, 1600, '00001', '10000');
INSERT INTO vehiculo VALUES ('PLQ134', '300', '202', 'DDE', 4, 190, 'F', 'F', '2641589357', 'F', '9362518432', '18/11/2022', '102', '002', 2018, 1300, '00002', '10003');
INSERT INTO vehiculo VALUES ('MNO110', '300', '203', 'WDC', 2, 500, 'V', 'V', '2368931092', 'F', '3962174356', '5/4/2023', '103', '003', 2015, 843, '00003', '10009');
INSERT INTO vehiculo VALUES ('SMU533', '300', '204', 'WDW', 4, 1000, 'V', 'V', '7641486429', 'V', '8302814578', '6/12/2024', '104', '004', 2021, 1600, '00004', '10010');
INSERT INTO vehiculo VALUES ('RTX490', '301', '205', 'SDQ', 2, 920, 'F', 'V', '2641589357', 'F', '6539154829', '1/9/2024', '105', '005', 2021, 5700, '00001', '10013');